courier_id,skill,home_lat,home_lng
C_01,경력자,37.43668,127.02151
C_02,숙련자,37.46085,126.9341
C_03,숙련자,37.50495,126.91301
C_04,경력자,37.48639,127.08978
C_05,초보자,37.45825,127.09313
C_06,초보자,37.52237,127.06168
C_07,초보자,37.4279,126.96092
C_08,숙련자,37.45843,126.91953
C_09,경력자,37.47327,127.03685
C_10,숙련자,37.49121,126.98803
C_11,초보자,37.55704,126.92441
C_12,숙련자,37.43993,126.99904
C_13,숙련자,37.50285,126.90688
C_14,초보자,37.51848,127.08186
C_15,초보자,37.40929,126.95176
