zone_id,zone_lat,zone_lng,demand_qty
Z_1,37.5325,127.09392,247
Z_2,37.46234,127.05503,214
Z_3,37.50401,127.0879,271
Z_4,37.50934,127.07897,277
Z_5,37.43697,127.01958,286
